iter	Logloss
0	0.6893482791
1	0.6857015327
2	0.6823780215
3	0.6790117113
4	0.6755215949
5	0.6722037224
6	0.6688290488
7	0.665540171
8	0.6622150721
9	0.6589875912
10	0.6557459525
11	0.6525296266
12	0.6493765649
13	0.6463267517
14	0.6433535406
15	0.6405397835
16	0.6378107006
17	0.6349500259
18	0.6321535119
19	0.6294131412
20	0.6266288352
21	0.6239081163
22	0.6212874465
23	0.6187987825
24	0.616297386
